Name,Email,Job Title,LinkedIn Description
Catherine Green,catherine.g@example.com,Consultant,Skilled data analyst with expertise in data visualization and data cleaning.
David Brown,ivy.l@example.com,Software Developer,Product manager with a knack for data-driven decision making and market analysis.
Henry Clark,jack.w@example.com,Product Manager,Data engineer with a strong understanding of data pipelines and data warehousing.
Henry Clark,grace.l@example.com,Data Analyst,Business analyst with experience in data analysis and business intelligence.
Bob Smith,jack.w@example.com,Data Analyst,Business analyst with experience in data analysis and business intelligence.
Grace Lee,ivy.l@example.com,Product Manager,Machine learning engineer specializing in data-driven solutions and predictive modeling.
Grace Lee,david.b@example.com,Research Scientist,Data engineer with a strong understanding of data pipelines and data warehousing.
Alice Johnson,grace.l@example.com,Business Analyst,Product manager with a knack for data-driven decision making and market analysis.
Henry Clark,frank.b@example.com,Machine Learning Engineer,Business analyst with experience in data analysis and business intelligence.
Ivy Lewis,bob.s@example.com,Consultant,Consultant with expertise in data strategy and data governance.
Ivy Lewis,catherine.g@example.com,Product Manager,Skilled data analyst with expertise in data visualization and data cleaning.
Frank Black,ivy.l@example.com,Research Scientist,Product manager with a knack for data-driven decision making and market analysis.
Ivy Lewis,henry.c@example.com,Business Analyst,Data engineer with a strong understanding of data pipelines and data warehousing.
Alice Johnson,alice.j@example.com,Data Engineer,Research scientist with experience in data collection and data analysis.
Jack Wilson,henry.c@example.com,Consultant,Experienced data scientist with a strong background in data analysis and machine learning.
David Brown,alice.j@example.com,Business Analyst,Data engineer with a strong understanding of data pipelines and data warehousing.
Grace Lee,david.b@example.com,Product Manager,Machine learning engineer specializing in data-driven solutions and predictive modeling.
Frank Black,bob.s@example.com,Machine Learning Engineer,Research scientist with experience in data collection and data analysis.
Alice Johnson,ivy.l@example.com,Statistician,Data engineer with a strong understanding of data pipelines and data warehousing.
Bob Smith,emma.w@example.com,Product Manager,Statistician with a focus on data interpretation and data-driven insights.
Bob Smith,emma.w@example.com,Data Engineer,Business analyst with experience in data analysis and business intelligence.
Bob Smith,alice.j@example.com,Statistician,Software developer with a focus on data integration and data management.
Grace Lee,catherine.g@example.com,Business Analyst,Data engineer with a strong understanding of data pipelines and data warehousing.
Henry Clark,jack.w@example.com,Software Developer,Statistician with a focus on data interpretation and data-driven insights.
Alice Johnson,david.b@example.com,Research Scientist,Statistician with a focus on data interpretation and data-driven insights.
Alice Johnson,bob.s@example.com,Product Manager,Skilled data analyst with expertise in data visualization and data cleaning.
Ivy Lewis,david.b@example.com,Statistician,Research scientist with experience in data collection and data analysis.
Alice Johnson,grace.l@example.com,Data Engineer,Research scientist with experience in data collection and data analysis.
Bob Smith,frank.b@example.com,Business Analyst,Consultant with expertise in data strategy and data governance.
Frank Black,alice.j@example.com,Consultant,Product manager with a knack for data-driven decision making and market analysis.
Jack Wilson,frank.b@example.com,Data Scientist,Skilled data analyst with expertise in data visualization and data cleaning.
Grace Lee,catherine.g@example.com,Statistician,Product manager with a knack for data-driven decision making and market analysis.
Alice Johnson,henry.c@example.com,Machine Learning Engineer,Research scientist with experience in data collection and data analysis.
Catherine Green,grace.l@example.com,Product Manager,Research scientist with experience in data collection and data analysis.
Catherine Green,emma.w@example.com,Data Scientist,Software developer with a focus on data integration and data management.
Alice Johnson,frank.b@example.com,Business Analyst,Data engineer with a strong understanding of data pipelines and data warehousing.
Grace Lee,henry.c@example.com,Research Scientist,Data engineer with a strong understanding of data pipelines and data warehousing.
Catherine Green,catherine.g@example.com,Research Scientist,Experienced data scientist with a strong background in data analysis and machine learning.
Jack Wilson,emma.w@example.com,Research Scientist,Data engineer with a strong understanding of data pipelines and data warehousing.
Bob Smith,bob.s@example.com,Data Analyst,Software developer with a focus on data integration and data management.
Frank Black,alice.j@example.com,Machine Learning Engineer,Skilled data analyst with expertise in data visualization and data cleaning.
Bob Smith,jack.w@example.com,Software Developer,Experienced data scientist with a strong background in data analysis and machine learning.
Emma White,emma.w@example.com,Machine Learning Engineer,Business analyst with experience in data analysis and business intelligence.
Jack Wilson,bob.s@example.com,Business Analyst,Product manager with a knack for data-driven decision making and market analysis.
Ivy Lewis,david.b@example.com,Data Engineer,Statistician with a focus on data interpretation and data-driven insights.
Ivy Lewis,catherine.g@example.com,Consultant,Experienced data scientist with a strong background in data analysis and machine learning.
David Brown,catherine.g@example.com,Statistician,Business analyst with experience in data analysis and business intelligence.
Ivy Lewis,catherine.g@example.com,Business Analyst,Software developer with a focus on data integration and data management.
Grace Lee,ivy.l@example.com,Machine Learning Engineer,Data engineer with a strong understanding of data pipelines and data warehousing.
Frank Black,emma.w@example.com,Statistician,Experienced data scientist with a strong background in data analysis and machine learning.
